first_name,last_name,email_address,company_name,job_title,phone
Pattin,Valder,pvalder1r@umich.edu,,Software Engineer III,+52 (141) 892-1369
Rosa,Bestar,rbestar38@eepurl.com,,Software Consultant,+351 (218) 928-5584
Dyan,Peck,dpeck7k@studiopress.com,,Software Test Engineer III,+7 (748) 990-4425
Chaim,Kissack,ckissacka1@mediafire.com,,Software Engineer II,+46 (765) 585-4030
Reuven,Stangoe,rstangoebz@twitpic.com,,Software Engineer II,+351 (239) 658-5441
Giffer,Bhar,gbharcl@hibu.com,,Software Consultant,+86 (342) 302-3781
Mathian,Ericssen,mericssend4@ucsd.edu,,Software Consultant,+1 (573) 310-4937
Anett,Waldron,awaldronea@imgur.com,,Software Engineer IV,+86 (705) 364-0524
Pierette,Capron,pcapronft@opera.com,,Software Test Engineer I,+1 (312) 273-9451
Averell,Rosekilly,arosekillyk3@symantec.com,,Software Engineer III,+380 (293) 727-9081
Pansie,Casperri,pcasperrim6@epa.gov,,Software Test Engineer III,+234 (767) 201-7540
Sansone,Adamou,sadamoun0@wisc.edu,,Software Test Engineer II,+51 (687) 959-6614
Marlo,Fitzmaurice,mfitzmauricen1@artisteer.com,,Software Engineer IV,+220 (747) 111-6765
Bryanty,Yitshak,byitshakof@unc.edu,,Software Consultant,+63 (276) 251-0349
Kelley,Tille,ktillep2@google.es,,Software Engineer I,+7 (673) 661-7335
